"participant_id","first_name","last_name","email","phone","registered_at"
1,"Participant_1","User_1","user1@example.com","555-0001","2025-12-17 20:04:45.642161"
2,"Participant_2","User_2","user2@example.com","555-0002","2025-12-17 20:04:45.642161"
3,"Participant_3","User_3","user3@example.com","555-0003","2025-12-17 20:04:45.642161"
4,"Participant_4","User_4","user4@example.com","555-0004","2025-12-17 20:04:45.642161"
5,"Participant_5","User_5","user5@example.com","555-0005","2025-12-17 20:04:45.642161"
6,"Participant_6","User_6","user6@example.com","555-0006","2025-12-17 20:04:45.642161"
7,"Participant_7","User_7","user7@example.com","555-0007","2025-12-17 20:04:45.642161"
8,"Participant_8","User_8","user8@example.com","555-0008","2025-12-17 20:04:45.642161"
9,"Participant_9","User_9","user9@example.com","555-0009","2025-12-17 20:04:45.642161"
10,"Participant_10","User_10","user10@example.com","555-0010","2025-12-17 20:04:45.642161"
11,"Participant_11","User_11","user11@example.com","555-0011","2025-12-17 20:04:45.642161"
12,"Participant_12","User_12","user12@example.com","555-0012","2025-12-17 20:04:45.642161"
13,"Participant_13","User_13","user13@example.com","555-0013","2025-12-17 20:04:45.642161"
14,"Participant_14","User_14","user14@example.com","555-0014","2025-12-17 20:04:45.642161"
15,"Participant_15","User_15","user15@example.com","555-0015","2025-12-17 20:04:45.642161"
16,"Participant_16","User_16","user16@example.com","555-0016","2025-12-17 20:04:45.642161"
17,"Participant_17","User_17","user17@example.com","555-0017","2025-12-17 20:04:45.642161"
18,"Participant_18","User_18","user18@example.com","555-0018","2025-12-17 20:04:45.642161"
19,"Participant_19","User_19","user19@example.com","555-0019","2025-12-17 20:04:45.642161"
20,"Participant_20","User_20","user20@example.com","555-0020","2025-12-17 20:04:45.642161"
21,"Participant_21","User_21","user21@example.com","555-0021","2025-12-17 20:04:45.642161"
22,"Participant_22","User_22","user22@example.com","555-0022","2025-12-17 20:04:45.642161"
23,"Participant_23","User_23","user23@example.com","555-0023","2025-12-17 20:04:45.642161"
24,"Participant_24","User_24","user24@example.com","555-0024","2025-12-17 20:04:45.642161"
25,"Participant_25","User_25","user25@example.com","555-0025","2025-12-17 20:04:45.642161"
26,"Participant_26","User_26","user26@example.com","555-0026","2025-12-17 20:04:45.642161"
27,"Participant_27","User_27","user27@example.com","555-0027","2025-12-17 20:04:45.642161"
28,"Participant_28","User_28","user28@example.com","555-0028","2025-12-17 20:04:45.642161"
29,"Participant_29","User_29","user29@example.com","555-0029","2025-12-17 20:04:45.642161"
30,"Participant_30","User_30","user30@example.com","555-0030","2025-12-17 20:04:45.642161"
31,"Participant_31","User_31","user31@example.com","555-0031","2025-12-17 20:04:45.642161"
32,"Participant_32","User_32","user32@example.com","555-0032","2025-12-17 20:04:45.642161"
33,"Participant_33","User_33","user33@example.com","555-0033","2025-12-17 20:04:45.642161"
34,"Participant_34","User_34","user34@example.com","555-0034","2025-12-17 20:04:45.642161"
35,"Participant_35","User_35","user35@example.com","555-0035","2025-12-17 20:04:45.642161"
36,"Participant_36","User_36","user36@example.com","555-0036","2025-12-17 20:04:45.642161"
37,"Participant_37","User_37","user37@example.com","555-0037","2025-12-17 20:04:45.642161"
38,"Participant_38","User_38","user38@example.com","555-0038","2025-12-17 20:04:45.642161"
39,"Participant_39","User_39","user39@example.com","555-0039","2025-12-17 20:04:45.642161"
40,"Participant_40","User_40","user40@example.com","555-0040","2025-12-17 20:04:45.642161"
41,"Participant_41","User_41","user41@example.com","555-0041","2025-12-17 20:04:45.642161"
42,"Participant_42","User_42","user42@example.com","555-0042","2025-12-17 20:04:45.642161"
43,"Participant_43","User_43","user43@example.com","555-0043","2025-12-17 20:04:45.642161"
44,"Participant_44","User_44","user44@example.com","555-0044","2025-12-17 20:04:45.642161"
45,"Participant_45","User_45","user45@example.com","555-0045","2025-12-17 20:04:45.642161"
46,"Participant_46","User_46","user46@example.com","555-0046","2025-12-17 20:04:45.642161"
47,"Participant_47","User_47","user47@example.com","555-0047","2025-12-17 20:04:45.642161"
48,"Participant_48","User_48","user48@example.com","555-0048","2025-12-17 20:04:45.642161"
49,"Participant_49","User_49","user49@example.com","555-0049","2025-12-17 20:04:45.642161"
50,"Participant_50","User_50","user50@example.com","555-0050","2025-12-17 20:04:45.642161"
51,"Participant_51","User_51","user51@example.com","555-0051","2025-12-17 20:04:45.642161"
52,"Participant_52","User_52","user52@example.com","555-0052","2025-12-17 20:04:45.642161"
53,"Participant_53","User_53","user53@example.com","555-0053","2025-12-17 20:04:45.642161"
54,"Participant_54","User_54","user54@example.com","555-0054","2025-12-17 20:04:45.642161"
55,"Participant_55","User_55","user55@example.com","555-0055","2025-12-17 20:04:45.642161"
56,"Participant_56","User_56","user56@example.com","555-0056","2025-12-17 20:04:45.642161"
57,"Participant_57","User_57","user57@example.com","555-0057","2025-12-17 20:04:45.642161"
58,"Participant_58","User_58","user58@example.com","555-0058","2025-12-17 20:04:45.642161"
59,"Participant_59","User_59","user59@example.com","555-0059","2025-12-17 20:04:45.642161"
60,"Participant_60","User_60","user60@example.com","555-0060","2025-12-17 20:04:45.642161"
61,"Participant_61","User_61","user61@example.com","555-0061","2025-12-17 20:04:45.642161"
62,"Participant_62","User_62","user62@example.com","555-0062","2025-12-17 20:04:45.642161"
63,"Participant_63","User_63","user63@example.com","555-0063","2025-12-17 20:04:45.642161"
64,"Participant_64","User_64","user64@example.com","555-0064","2025-12-17 20:04:45.642161"
65,"Participant_65","User_65","user65@example.com","555-0065","2025-12-17 20:04:45.642161"
66,"Participant_66","User_66","user66@example.com","555-0066","2025-12-17 20:04:45.642161"
67,"Participant_67","User_67","user67@example.com","555-0067","2025-12-17 20:04:45.642161"
68,"Participant_68","User_68","user68@example.com","555-0068","2025-12-17 20:04:45.642161"
69,"Participant_69","User_69","user69@example.com","555-0069","2025-12-17 20:04:45.642161"
70,"Participant_70","User_70","user70@example.com","555-0070","2025-12-17 20:04:45.642161"
71,"Participant_71","User_71","user71@example.com","555-0071","2025-12-17 20:04:45.642161"
72,"Participant_72","User_72","user72@example.com","555-0072","2025-12-17 20:04:45.642161"
73,"Participant_73","User_73","user73@example.com","555-0073","2025-12-17 20:04:45.642161"
74,"Participant_74","User_74","user74@example.com","555-0074","2025-12-17 20:04:45.642161"
75,"Participant_75","User_75","user75@example.com","555-0075","2025-12-17 20:04:45.642161"
76,"Participant_76","User_76","user76@example.com","555-0076","2025-12-17 20:04:45.642161"
77,"Participant_77","User_77","user77@example.com","555-0077","2025-12-17 20:04:45.642161"
78,"Participant_78","User_78","user78@example.com","555-0078","2025-12-17 20:04:45.642161"
79,"Participant_79","User_79","user79@example.com","555-0079","2025-12-17 20:04:45.642161"
80,"Participant_80","User_80","user80@example.com","555-0080","2025-12-17 20:04:45.642161"
81,"Participant_81","User_81","user81@example.com","555-0081","2025-12-17 20:04:45.642161"
82,"Participant_82","User_82","user82@example.com","555-0082","2025-12-17 20:04:45.642161"
83,"Participant_83","User_83","user83@example.com","555-0083","2025-12-17 20:04:45.642161"
84,"Participant_84","User_84","user84@example.com","555-0084","2025-12-17 20:04:45.642161"
85,"Participant_85","User_85","user85@example.com","555-0085","2025-12-17 20:04:45.642161"
86,"Participant_86","User_86","user86@example.com","555-0086","2025-12-17 20:04:45.642161"
87,"Participant_87","User_87","user87@example.com","555-0087","2025-12-17 20:04:45.642161"
88,"Participant_88","User_88","user88@example.com","555-0088","2025-12-17 20:04:45.642161"
89,"Participant_89","User_89","user89@example.com","555-0089","2025-12-17 20:04:45.642161"
90,"Participant_90","User_90","user90@example.com","555-0090","2025-12-17 20:04:45.642161"
91,"Participant_91","User_91","user91@example.com","555-0091","2025-12-17 20:04:45.642161"
92,"Participant_92","User_92","user92@example.com","555-0092","2025-12-17 20:04:45.642161"
93,"Participant_93","User_93","user93@example.com","555-0093","2025-12-17 20:04:45.642161"
94,"Participant_94","User_94","user94@example.com","555-0094","2025-12-17 20:04:45.642161"
95,"Participant_95","User_95","user95@example.com","555-0095","2025-12-17 20:04:45.642161"
96,"Participant_96","User_96","user96@example.com","555-0096","2025-12-17 20:04:45.642161"
97,"Participant_97","User_97","user97@example.com","555-0097","2025-12-17 20:04:45.642161"
98,"Participant_98","User_98","user98@example.com","555-0098","2025-12-17 20:04:45.642161"
99,"Participant_99","User_99","user99@example.com","555-0099","2025-12-17 20:04:45.642161"
100,"Participant_100","User_100","user100@example.com","555-0100","2025-12-17 20:04:45.642161"
101,"Participant_101","User_101","user101@example.com","555-0101","2025-12-17 20:04:45.642161"
102,"Participant_102","User_102","user102@example.com","555-0102","2025-12-17 20:04:45.642161"
103,"Participant_103","User_103","user103@example.com","555-0103","2025-12-17 20:04:45.642161"
104,"Participant_104","User_104","user104@example.com","555-0104","2025-12-17 20:04:45.642161"
105,"Participant_105","User_105","user105@example.com","555-0105","2025-12-17 20:04:45.642161"
106,"Participant_106","User_106","user106@example.com","555-0106","2025-12-17 20:04:45.642161"
107,"Participant_107","User_107","user107@example.com","555-0107","2025-12-17 20:04:45.642161"
108,"Participant_108","User_108","user108@example.com","555-0108","2025-12-17 20:04:45.642161"
109,"Participant_109","User_109","user109@example.com","555-0109","2025-12-17 20:04:45.642161"
110,"Participant_110","User_110","user110@example.com","555-0110","2025-12-17 20:04:45.642161"
111,"Participant_111","User_111","user111@example.com","555-0111","2025-12-17 20:04:45.642161"
112,"Participant_112","User_112","user112@example.com","555-0112","2025-12-17 20:04:45.642161"
113,"Participant_113","User_113","user113@example.com","555-0113","2025-12-17 20:04:45.642161"
114,"Participant_114","User_114","user114@example.com","555-0114","2025-12-17 20:04:45.642161"
115,"Participant_115","User_115","user115@example.com","555-0115","2025-12-17 20:04:45.642161"
116,"Participant_116","User_116","user116@example.com","555-0116","2025-12-17 20:04:45.642161"
117,"Participant_117","User_117","user117@example.com","555-0117","2025-12-17 20:04:45.642161"
118,"Participant_118","User_118","user118@example.com","555-0118","2025-12-17 20:04:45.642161"
119,"Participant_119","User_119","user119@example.com","555-0119","2025-12-17 20:04:45.642161"
120,"Participant_120","User_120","user120@example.com","555-0120","2025-12-17 20:04:45.642161"
121,"Participant_121","User_121","user121@example.com","555-0121","2025-12-17 20:04:45.642161"
122,"Participant_122","User_122","user122@example.com","555-0122","2025-12-17 20:04:45.642161"
123,"Participant_123","User_123","user123@example.com","555-0123","2025-12-17 20:04:45.642161"
124,"Participant_124","User_124","user124@example.com","555-0124","2025-12-17 20:04:45.642161"
125,"Participant_125","User_125","user125@example.com","555-0125","2025-12-17 20:04:45.642161"
126,"Participant_126","User_126","user126@example.com","555-0126","2025-12-17 20:04:45.642161"
127,"Participant_127","User_127","user127@example.com","555-0127","2025-12-17 20:04:45.642161"
128,"Participant_128","User_128","user128@example.com","555-0128","2025-12-17 20:04:45.642161"
129,"Participant_129","User_129","user129@example.com","555-0129","2025-12-17 20:04:45.642161"
130,"Participant_130","User_130","user130@example.com","555-0130","2025-12-17 20:04:45.642161"
131,"Participant_131","User_131","user131@example.com","555-0131","2025-12-17 20:04:45.642161"
132,"Participant_132","User_132","user132@example.com","555-0132","2025-12-17 20:04:45.642161"
133,"Participant_133","User_133","user133@example.com","555-0133","2025-12-17 20:04:45.642161"
134,"Participant_134","User_134","user134@example.com","555-0134","2025-12-17 20:04:45.642161"
135,"Participant_135","User_135","user135@example.com","555-0135","2025-12-17 20:04:45.642161"
136,"Participant_136","User_136","user136@example.com","555-0136","2025-12-17 20:04:45.642161"
137,"Participant_137","User_137","user137@example.com","555-0137","2025-12-17 20:04:45.642161"
138,"Participant_138","User_138","user138@example.com","555-0138","2025-12-17 20:04:45.642161"
139,"Participant_139","User_139","user139@example.com","555-0139","2025-12-17 20:04:45.642161"
140,"Participant_140","User_140","user140@example.com","555-0140","2025-12-17 20:04:45.642161"
141,"Participant_141","User_141","user141@example.com","555-0141","2025-12-17 20:04:45.642161"
142,"Participant_142","User_142","user142@example.com","555-0142","2025-12-17 20:04:45.642161"
143,"Participant_143","User_143","user143@example.com","555-0143","2025-12-17 20:04:45.642161"
144,"Participant_144","User_144","user144@example.com","555-0144","2025-12-17 20:04:45.642161"
145,"Participant_145","User_145","user145@example.com","555-0145","2025-12-17 20:04:45.642161"
146,"Participant_146","User_146","user146@example.com","555-0146","2025-12-17 20:04:45.642161"
147,"Participant_147","User_147","user147@example.com","555-0147","2025-12-17 20:04:45.642161"
148,"Participant_148","User_148","user148@example.com","555-0148","2025-12-17 20:04:45.642161"
149,"Participant_149","User_149","user149@example.com","555-0149","2025-12-17 20:04:45.642161"
150,"Participant_150","User_150","user150@example.com","555-0150","2025-12-17 20:04:45.642161"
151,"Participant_151","User_151","user151@example.com","555-0151","2025-12-17 20:04:45.642161"
152,"Participant_152","User_152","user152@example.com","555-0152","2025-12-17 20:04:45.642161"
153,"Participant_153","User_153","user153@example.com","555-0153","2025-12-17 20:04:45.642161"
154,"Participant_154","User_154","user154@example.com","555-0154","2025-12-17 20:04:45.642161"
155,"Participant_155","User_155","user155@example.com","555-0155","2025-12-17 20:04:45.642161"
156,"Participant_156","User_156","user156@example.com","555-0156","2025-12-17 20:04:45.642161"
157,"Participant_157","User_157","user157@example.com","555-0157","2025-12-17 20:04:45.642161"
158,"Participant_158","User_158","user158@example.com","555-0158","2025-12-17 20:04:45.642161"
159,"Participant_159","User_159","user159@example.com","555-0159","2025-12-17 20:04:45.642161"
160,"Participant_160","User_160","user160@example.com","555-0160","2025-12-17 20:04:45.642161"
161,"Participant_161","User_161","user161@example.com","555-0161","2025-12-17 20:04:45.642161"
162,"Participant_162","User_162","user162@example.com","555-0162","2025-12-17 20:04:45.642161"
163,"Participant_163","User_163","user163@example.com","555-0163","2025-12-17 20:04:45.642161"
164,"Participant_164","User_164","user164@example.com","555-0164","2025-12-17 20:04:45.642161"
165,"Participant_165","User_165","user165@example.com","555-0165","2025-12-17 20:04:45.642161"
166,"Participant_166","User_166","user166@example.com","555-0166","2025-12-17 20:04:45.642161"
167,"Participant_167","User_167","user167@example.com","555-0167","2025-12-17 20:04:45.642161"
168,"Participant_168","User_168","user168@example.com","555-0168","2025-12-17 20:04:45.642161"
169,"Participant_169","User_169","user169@example.com","555-0169","2025-12-17 20:04:45.642161"
170,"Participant_170","User_170","user170@example.com","555-0170","2025-12-17 20:04:45.642161"
171,"Participant_171","User_171","user171@example.com","555-0171","2025-12-17 20:04:45.642161"
172,"Participant_172","User_172","user172@example.com","555-0172","2025-12-17 20:04:45.642161"
173,"Participant_173","User_173","user173@example.com","555-0173","2025-12-17 20:04:45.642161"
174,"Participant_174","User_174","user174@example.com","555-0174","2025-12-17 20:04:45.642161"
175,"Participant_175","User_175","user175@example.com","555-0175","2025-12-17 20:04:45.642161"
176,"Participant_176","User_176","user176@example.com","555-0176","2025-12-17 20:04:45.642161"
177,"Participant_177","User_177","user177@example.com","555-0177","2025-12-17 20:04:45.642161"
178,"Participant_178","User_178","user178@example.com","555-0178","2025-12-17 20:04:45.642161"
179,"Participant_179","User_179","user179@example.com","555-0179","2025-12-17 20:04:45.642161"
180,"Participant_180","User_180","user180@example.com","555-0180","2025-12-17 20:04:45.642161"
181,"Participant_181","User_181","user181@example.com","555-0181","2025-12-17 20:04:45.642161"
182,"Participant_182","User_182","user182@example.com","555-0182","2025-12-17 20:04:45.642161"
183,"Participant_183","User_183","user183@example.com","555-0183","2025-12-17 20:04:45.642161"
184,"Participant_184","User_184","user184@example.com","555-0184","2025-12-17 20:04:45.642161"
185,"Participant_185","User_185","user185@example.com","555-0185","2025-12-17 20:04:45.642161"
186,"Participant_186","User_186","user186@example.com","555-0186","2025-12-17 20:04:45.642161"
187,"Participant_187","User_187","user187@example.com","555-0187","2025-12-17 20:04:45.642161"
188,"Participant_188","User_188","user188@example.com","555-0188","2025-12-17 20:04:45.642161"
189,"Participant_189","User_189","user189@example.com","555-0189","2025-12-17 20:04:45.642161"
190,"Participant_190","User_190","user190@example.com","555-0190","2025-12-17 20:04:45.642161"
191,"Participant_191","User_191","user191@example.com","555-0191","2025-12-17 20:04:45.642161"
192,"Participant_192","User_192","user192@example.com","555-0192","2025-12-17 20:04:45.642161"
193,"Participant_193","User_193","user193@example.com","555-0193","2025-12-17 20:04:45.642161"
194,"Participant_194","User_194","user194@example.com","555-0194","2025-12-17 20:04:45.642161"
195,"Participant_195","User_195","user195@example.com","555-0195","2025-12-17 20:04:45.642161"
196,"Participant_196","User_196","user196@example.com","555-0196","2025-12-17 20:04:45.642161"
197,"Participant_197","User_197","user197@example.com","555-0197","2025-12-17 20:04:45.642161"
198,"Participant_198","User_198","user198@example.com","555-0198","2025-12-17 20:04:45.642161"
199,"Participant_199","User_199","user199@example.com","555-0199","2025-12-17 20:04:45.642161"
200,"Participant_200","User_200","user200@example.com","555-0200","2025-12-17 20:04:45.642161"
