"session_id","event_id","hall_id","title","description","start_time","end_time"
1,1,1,"Opening Keynote: Future of AI","Keynote talk on trends in AI","2025-04-10 09:00:00","2025-04-10 10:00:00"
2,1,2,"Workshop: Intro to R for Stats","Hands-on introduction to R","2025-04-10 11:00:00","2025-04-10 13:00:00"
3,1,1,"Panel: Ethics in Data Science","Panel with industry experts","2025-04-11 14:00:00","2025-04-11 15:30:00"
4,2,3,"Opening Act","Indie band performance","2025-05-05 19:00:00","2025-05-05 19:45:00"
5,2,3,"Main Performance","Headliner band","2025-05-05 20:00:00","2025-05-05 21:30:00"
6,2,4,"Afterparty DJ Set","DJ and networking","2025-05-05 21:45:00","2025-05-05 23:00:00"
7,3,2,"Cloud Essentials","Cloud fundamentals workshop","2025-06-15 10:00:00","2025-06-15 12:00:00"
8,3,2,"DevOps in Practice","CI/CD and pipelines","2025-06-15 13:00:00","2025-06-15 15:00:00"
9,3,1,"Microservices Design","Design patterns and pitfalls","2025-06-16 09:30:00","2025-06-16 11:30:00"
